Login Frequency,Frequency ID,Alias Data
Never,c341e7e0,Never
Once,0704dc50,Once
Seldom,21c93fbe,Seldom
Often,3579b4b2,Often
Daily,9a52f611,Daily
Weekly,45f46406,Weekly
Monthly,bc040460,Monthly
Yearly,3b244cf7,Yearly
