ID,Date DD/MM/YYYY,Name Last,Name First,Login Frequency,Frequency ID,Colour,IP Address
1,24/12/2021,Norheny,Christiana,Monthly,bc040460,Red,7.28.63.187
2,30/03/2022,Thys,Gunar,Seldom,21c93fbe,Green,31.124.198.132
3,11/09/2021,Camilleri,Rickard,Weekly,45f46406,Red,175.140.210.11
4,25/08/2021,Burstowe,Tynan,Often,3579b4b2,Red,70.161.11.117
5,25/04/2021,Brister,Talia,Weekly,45f46406,Red,112.53.86.229
6,19/08/2021,Gatty,Berti,Yearly,3b244cf7,Red,38.15.200.171
7,05/03/2022,Rubinowicz,Marie,Yearly,3b244cf7,Green,117.172.12.212
8,25/05/2021,Pirozzi,Stephen,Yearly,3b244cf7,Red,179.74.202.82
9,26/11/2021,Mynard,Quincy,Daily,9a52f611,Red,75.89.175.3
10,08/05/2021,Tubby,Eve,Daily,9a52f611,Red,219.201.87.84
11,04/08/2021,Goncaves,Persis,Monthly,bc040460,Red,15.19.229.93
12,19/04/2021,Townend,Julienne,Yearly,3b244cf7,Red,129.164.29.89
13,11/11/2021,Hirth,Reginald,Yearly,3b244cf7,Red,99.69.35.182
14,04/03/2022,Daniell,Roman,Often,3579b4b2,Green,80.136.248.199
15,07/07/2021,Vany,Magdalene,Often,3579b4b2,Red,200.138.54.36
16,05/11/2021,Willoughby,Devlin,Monthly,bc040460,Red,115.197.64.37
17,14/03/2022,Quail,Aldric,Daily,9a52f611,Green,147.58.104.206
18,25/09/2021,Bonney,Ignatius,Monthly,bc040460,Red,215.40.45.43
19,01/11/2021,Jeannenet,Agna,Often,3579b4b2,Red,183.232.233.23
20,05/04/2022,Sheehan,Thebault,Often,3579b4b2,Green,129.128.233.110
21,06/12/2021,Plowell,Leighton,Daily,9a52f611,Red,38.79.32.250
22,19/01/2022,Pavlenko,Ermanno,Daily,9a52f611,Green,188.53.181.82
23,21/12/2021,Wilsdon,Jabez,Seldom,21c93fbe,Red,191.9.161.172
24,11/04/2021,Gateman,Page,Monthly,bc040460,Red,213.15.80.36
25,16/08/2021,Treffry,Morena,Weekly,45f46406,Red,210.217.198.75
26,30/09/2021,Zuenelli,Carley,Daily,9a52f611,Red,161.37.196.10
27,22/08/2021,Mabon,Orazio,Never,c341e7e0,Red,156.226.195.249
28,05/04/2022,Shuttleworth,Mark,Daily,9a52f611,Green,146.229.223.178
29,09/08/2021,Skevington,Ellie,Weekly,45f46406,Red,76.23.185.43
30,12/12/2021,Christin,Stevana,Seldom,21c93fbe,Red,150.86.59.8
31,18/11/2021,Tieraney,Abelard,Never,c341e7e0,Red,66.56.169.218
32,25/02/2022,Drysdall,Kim,Once,0704dc50,Green,0.14.107.210
33,25/02/2022,Boteman,Lynette,Once,0704dc50,Green,163.24.173.161
34,04/05/2021,Parmiter,Bentley,Monthly,bc040460,Red,217.160.40.181
35,19/01/2022,Rowth,Cal,Once,0704dc50,Green,73.116.14.244
36,31/05/2021,Nansom,Gabie,Weekly,45f46406,Red,29.157.146.26
37,18/07/2021,Friett,Deeann,Never,c341e7e0,Red,19.204.85.213
38,01/10/2021,Dudenie,Alister,Yearly,3b244cf7,Red,51.0.142.2
39,16/10/2021,Englefield,Britte,Yearly,3b244cf7,Red,27.2.214.246
40,31/07/2021,Mateus,Haley,Monthly,bc040460,Red,112.255.15.103
41,04/11/2021,Haeslier,Stoddard,Once,0704dc50,Red,251.108.70.235
42,05/12/2021,Hourihane,Dreddy,Weekly,45f46406,Red,211.204.147.170
43,14/01/2022,Wurst,Vance,Weekly,45f46406,Green,92.143.206.10
44,09/11/2021,Tuplin,Melisent,Once,0704dc50,Red,217.7.129.179
45,14/02/2022,McKee,Cherianne,Never,c341e7e0,Green,137.143.61.99
46,02/05/2021,Baton,Maureen,Never,c341e7e0,Red,83.47.87.23
47,14/01/2022,Blaxill,Anabella,Weekly,45f46406,Green,183.45.139.240
48,08/09/2021,Bissill,Brigida,Never,c341e7e0,Red,225.126.202.73
49,01/08/2021,McGarva,Arliene,Weekly,45f46406,Red,133.69.127.188
50,16/12/2021,Phillipp,Gerladina,Never,c341e7e0,Red,235.121.65.239
51,26/06/2021,Bridgestock,Mohandis,Often,3579b4b2,Red,186.16.14.131
52,20/12/2021,Theobold,Dalton,Weekly,45f46406,Red,6.40.132.59
53,17/11/2021,O' Dooley,Barret,Daily,9a52f611,Red,171.90.249.91
54,03/10/2021,McKerton,Ursa,Daily,9a52f611,Red,115.239.158.66
55,25/01/2022,Sancraft,Tracey,Monthly,bc040460,Green,142.94.128.221
56,22/04/2021,Brockett,Rolando,Once,0704dc50,Red,99.246.59.51
57,21/08/2021,Shellard,Violet,Yearly,3b244cf7,Red,70.43.2.75
58,14/01/2022,Aldie,Madelaine,Daily,9a52f611,Green,93.105.151.178
59,19/11/2021,Faithorn,Lorry,Seldom,21c93fbe,Red,2.11.33.78
60,11/05/2021,Firmager,Gabriela,Often,3579b4b2,Red,25.155.148.10
61,02/08/2021,Cancellor,Elsinore,Daily,9a52f611,Red,223.254.118.141
62,20/07/2021,Weddeburn - Scrimgeour,Shelton,Daily,9a52f611,Red,238.148.180.184
63,04/06/2021,Meale,Ester,Never,c341e7e0,Red,165.43.201.156
64,06/01/2022,Purvess,Kain,Seldom,21c93fbe,Green,255.170.44.243
65,20/10/2021,Tamsett,Ladonna,Seldom,21c93fbe,Red,203.3.66.133
66,13/12/2021,Custed,Kirsten,Weekly,45f46406,Red,232.146.150.46
67,25/02/2022,Olenchikov,Quentin,Seldom,21c93fbe,Green,180.126.212.143
68,19/07/2021,Crumpton,Koo,Daily,9a52f611,Red,29.229.162.54
69,28/02/2022,Whatford,Sosanna,Monthly,bc040460,Green,132.115.38.231
70,22/02/2022,Tidbald,Thibaud,Once,0704dc50,Green,25.194.141.47
71,03/12/2021,MacDunleavy,Ruth,Often,3579b4b2,Red,133.79.200.113
72,02/10/2021,Bareford,Antonia,Weekly,45f46406,Red,43.16.229.166
73,15/03/2022,Pflieger,Reggie,Never,c341e7e0,Green,209.76.91.12
74,11/04/2021,Elks,Caryl,Seldom,21c93fbe,Red,120.203.213.187
75,08/03/2022,McElhargy,Prince,Yearly,3b244cf7,Green,79.194.249.247
76,29/03/2022,Prendergast,Mathew,Often,3579b4b2,Green,170.30.169.6
77,16/07/2021,Polsin,Kendricks,Often,3579b4b2,Red,183.130.211.122
78,01/03/2022,Crother,Weider,Monthly,bc040460,Green,2.239.129.71
79,16/03/2022,Baitey,Mahmud,Daily,9a52f611,Green,111.126.138.110
80,14/11/2021,Attridge,Minda,Daily,9a52f611,Red,254.61.199.211
81,22/06/2021,Scrivenor,Tisha,Yearly,3b244cf7,Red,115.247.118.58
82,09/03/2022,Louca,Easter,Daily,9a52f611,Green,196.250.151.222
83,15/08/2021,Watkiss,Guenevere,Monthly,bc040460,Red,54.56.6.104
84,08/08/2021,Brennand,Cleveland,Yearly,3b244cf7,Red,66.189.193.144
85,25/01/2022,Breese,Jeanette,Seldom,21c93fbe,Green,230.31.241.101
86,06/01/2022,Bergeon,Leonore,Often,3579b4b2,Green,147.125.84.18
87,07/12/2021,Brend,Cello,Weekly,45f46406,Red,169.178.247.234
88,01/04/2022,Littrick,Kellia,Seldom,21c93fbe,Green,28.73.26.51
89,08/01/2022,Duffil,Mahmud,Monthly,bc040460,Green,13.97.160.208
90,25/04/2021,Bowland,Sly,Weekly,45f46406,Red,172.90.177.249
91,06/05/2021,Rastrick,Derby,Often,3579b4b2,Red,0.19.247.218
92,17/09/2021,Sharpe,Ives,Never,c341e7e0,Red,220.79.198.229
93,17/04/2021,Wells,Shelba,Daily,9a52f611,Red,243.129.21.206
94,03/02/2022,Wayne,Peder,Daily,9a52f611,Green,65.200.185.230
95,28/03/2022,Goodoune,Glenden,Daily,9a52f611,Green,117.228.165.0
96,05/08/2021,Cardew,Margaretta,Once,0704dc50,Red,121.64.71.164
97,21/01/2022,Tiffin,Jefferson,Seldom,21c93fbe,Green,55.75.58.15
98,03/11/2021,Edgson,Iolanthe,Never,c341e7e0,Red,38.12.2.195
99,08/12/2021,Mandel,Adey,Yearly,3b244cf7,Red,169.168.100.16
100,16/12/2021,Leban,Hans,Often,3579b4b2,Red,95.14.67.228
